episode,reward,ema_reward
0,-1131.8797437803307,-1131.8797437803307
1,-244.9248582981999,-954.4887666839046
2,-227.49289696575818,-809.0895927402754
3,-451.72968046796217,-737.6176102858128
4,-521.1779044642922,-694.3296691215088
5,-462.1331961690391,-647.8903745310149
6,-736.0461166929762,-665.5215229634073
7,-773.0183589241465,-687.0208901555552
8,-787.559680986275,-707.1286483216993
9,-788.6803957592164,-723.4389978092026
10,-785.9623408598119,-735.9436664193245
11,-807.2580352005302,-750.2065401755657
12,-787.360607272851,-757.6373535950228
13,-789.8191695675863,-764.0737167895355
14,-800.249391069923,-771.308851645613
15,-798.7848605913829,-776.8040534347671
16,-789.2261333789539,-779.2884694236045
17,-787.8228946256238,-780.9953544640084
18,-787.4365060435782,-782.2835847799224
19,-799.2719155860902,-785.681250941156
20,-795.7247690293575,-787.6899545587963
21,-753.7477473667298,-780.901513120383
22,-267.1057983421402,-678.1423701647344
23,-1547.5143793179368,-852.0167719953749
24,-2042.1228091745293,-1090.037979431206
25,-2012.317863757859,-1274.4939562965367
26,-1658.8798505845048,-1351.3711351541303
27,-863.6039741685595,-1253.817702957016
28,-848.4312965923169,-1172.7404216840764
29,-814.7913719339136,-1101.1506117340439
30,-808.8521596158672,-1042.6909213104086
31,-787.6209169216434,-991.6769204326556
32,-817.3600165140647,-956.8135396489374
33,-799.5274001403225,-925.3563117472145
34,-787.7984201821364,-897.8447334341989
35,-811.831428012072,-880.6420723497737
36,-797.9740756435833,-864.1084730085356
37,-819.0375570973449,-855.0942898262974
38,-790.0455313996243,-842.0845381409629
39,-800.5829483435912,-833.7842201814885
40,-794.6524454714421,-825.9578652394792
41,-820.8837787601019,-824.9430479436039
42,-799.8272199001217,-819.9198823349076
43,-822.2610162304967,-820.3881091140254
44,-809.9394685711053,-818.2983810054415
45,-810.0167742899795,-816.6420596623491
46,-800.1974091231147,-813.3531295545023
47,-798.9920075691738,-810.4809051574366
48,-787.5429155427801,-805.8933072345053
49,-788.7867059592949,-802.4719869794633
50,-799.7416444002738,-801.9259184636254
51,-797.3544591702611,-801.0116266049527
52,-810.520077090911,-802.9133167021444
53,-788.5835495632806,-800.0473632743717
54,-790.0318267109949,-798.0442559616963
55,-797.5516216774867,-797.9457291048544
56,-789.5316734660294,-796.2629179770894
57,-799.7918187199815,-796.9686981256679
58,-819.8575127280716,-801.5464610461486
59,-796.5048382438213,-800.5381364856833
60,-797.4035914499409,-799.9112274785349
61,-808.618563632234,-801.6526947092748
62,-780.4964704341257,-797.421449854245
63,-787.6064032463358,-795.4584405326632
64,-788.4510663933048,-794.0569657047915
65,-809.5726558099899,-797.1601037258313
66,-766.8699812861583,-791.1020792378968
67,-789.373072778774,-790.7562779460723
68,-798.0415116638784,-792.2133246896335
69,-799.6428583294128,-793.6992314175894
70,-790.4657807211385,-793.0525412782993
71,-810.545918243493,-796.551216671338
72,-788.2681113648044,-794.8945956100314
73,-796.2561727660154,-795.1669110412282
74,-797.9617697293469,-795.725882778852
75,-798.0623222826798,-796.1931706796177
76,-801.0216225454659,-797.1588610527874
77,-809.1387061514772,-799.5548300725254
78,-790.2919206751566,-797.7022481930518
79,-778.252344470026,-793.8122674484466
80,-797.6665373411703,-794.5831214269914
81,-798.794037140052,-795.4253045696036
82,-810.0599519909814,-798.3522340538792
83,-799.7069393516308,-798.6231751134295
84,-799.4222940977871,-798.7829989103011
85,-798.8988889434946,-798.8061769169399
86,-800.139139064007,-799.0727693463534
87,-789.2283743001682,-797.1038903371165
88,-788.65441433197,-795.4139951360872
89,-788.2803991876308,-793.9872759463959
90,-787.109932110783,-792.6118071792733
91,-799.8047345690445,-794.0503926572277
92,-797.4865960507501,-794.7376333359323
93,-821.4312425692553,-800.076355182597
94,-796.9833548045013,-799.4577551069779
95,-796.3466507713291,-798.8355342398481
96,-785.6776401446937,-796.2039554208174
97,-809.9155123171846,-798.9462668000908
98,-798.2574206740512,-798.808497574883
99,-798.6787998753165,-798.7825580349697
100,-788.2430589614594,-796.6746582202677
101,-802.7588926782263,-797.8915051118595
102,-787.2840258455834,-795.7700092586043
103,-798.6505684849773,-796.3461211038789
104,-809.0993339066365,-798.8967636644304
105,-819.9756407244441,-803.1125390764332
106,-790.6028306526031,-800.6105973916673
107,-812.8691414994768,-803.0623062132292
108,-799.4184722830902,-802.3335394272015
109,-788.0112713345704,-799.4690858086753
110,-807.2749562106637,-801.0302598890731
111,-799.5253705449885,-800.7292820202563
112,-800.3618288518039,-800.6557913865659
113,-788.9461699444919,-798.3138670981511
114,-786.4383910878621,-795.9387718960934
115,-788.8703170012992,-794.5250809171346
116,-797.1448169056013,-795.049028114828
117,-797.3231726758344,-795.5038570270293
118,-801.9825856814889,-796.7996027579213
119,-799.1150352130222,-797.2626892489416
120,-799.609559318059,-797.7320632627651
121,-787.0869869237771,-795.6030479949676
122,-790.8299875042218,-794.6484358968185
123,-799.2853472932958,-795.5758181761139
124,-800.5388090803906,-796.5684163569692
125,-807.8413726076899,-798.8230076071135
126,-777.2441991631706,-794.507245918325
127,-796.4117341657033,-794.8881435678007
128,-800.816960765384,-796.0739070073175
129,-769.4826578710561,-790.7556571800653
130,-800.5583135777026,-792.7161884595929
131,-800.9467170647513,-794.3622941806246
132,-798.0657712051636,-795.1029895855324
133,-798.7841292810849,-795.839217524643
134,-799.8952800155602,-796.6504300228265
135,-800.6660354961789,-797.453551117497
136,-817.8164054022532,-801.5261219744483
137,-810.295348075689,-803.2799671946965
138,-798.9431286664327,-802.4125994890437
139,-787.232074791266,-799.3764945494881
140,-778.5842603386446,-795.2180477073196
141,-800.5076859967979,-796.2759753652153
142,-799.5432126967751,-796.9294228315273
143,-798.6817703319962,-797.2798923316211
144,-820.0040314009489,-801.8247201454867
145,-799.9931179028308,-801.4583996969557
146,-808.3618771435459,-802.8390951862738
147,-800.9057118560605,-802.4524185202312
148,-765.2229530087493,-795.0065254179349
149,-832.1234291743602,-802.4299061692201
150,-809.4790388121148,-803.839732697799
151,-776.9509688180333,-798.461979921846
152,-797.8190819613156,-798.33340032974
153,-798.3439436772504,-798.3355089992422
154,-800.7934079727833,-798.8270887939505
155,-788.6190542868826,-796.785481892537
156,-799.0600250144049,-797.2403905169106
157,-787.8844732497179,-795.3692070634721
158,-786.7656485027364,-793.648495351325
159,-798.9001510370542,-794.6988264884709
160,-800.484586810575,-795.8559785528918
161,-809.3010775425346,-798.5449983508204
162,-787.4618654445133,-796.328371769559
163,-805.6216643940686,-798.187030294461
164,-798.0736152449227,-798.1643472845535
165,-821.9402724132382,-802.9195323102906
166,-820.5034904939122,-806.436323947015
167,-797.2094763232066,-804.5909544222534
168,-778.7574109870043,-799.4242457352036
169,-798.4811938207799,-799.2356353523189
170,-800.998067157382,-799.5881217133316
171,-800.0891736339826,-799.6883320974619
172,-797.9986977374338,-799.3504052254564
173,-790.2191173399525,-797.5241476483557
174,-811.942612656667,-800.407840650018
175,-767.1493339761004,-793.7561393152345
176,-800.2997777381296,-795.0648669998135
177,-809.4423671930148,-797.9403670384538
178,-802.3148205862136,-798.8152577480059
179,-797.158233901861,-798.4838529787769
180,-777.2727662738553,-794.2416356377927
181,-796.9383719940732,-794.7809829090488
182,-799.0546374898947,-795.635713825218
183,-798.8223846826687,-796.2730479967081
184,-799.8184524424139,-796.9821288858493
185,-799.1618152761213,-797.4180661639037
186,-790.9057683009223,-796.1156065913075
187,-798.3244550164438,-796.5573762763348
188,-811.3338452607236,-799.5126700732126
189,-796.6748863916591,-798.945113336902
190,-799.7553490312669,-799.107160475775
191,-768.7199733030166,-793.0297230412234
192,-800.288929551234,-794.4815643432256
193,-789.1930930642527,-793.4238700874312
194,-788.1521971642724,-792.3695355027994
195,-799.8341258415044,-793.8624535705405
196,-789.3027464467331,-792.9505121457792
197,-789.023764286093,-792.165162573842
198,-788.318478051784,-791.3958256694306
199,-787.6365732066705,-790.6439751768786
200,-790.3377883077155,-790.582737803046
201,-796.8320642831701,-791.8326030990709
202,-797.9561629524887,-793.0573150697545
203,-799.5724402975595,-794.3603401153156
204,-777.3732295407443,-790.9629180004014
205,-801.885685894704,-793.147471579262
206,-790.2342292410747,-792.5648231116246
207,-795.9521707389811,-793.2422926370959
208,-798.0177425947397,-794.1973826286247
209,-808.8839551612192,-797.1346971351437
210,-808.2940940295822,-799.3665765140314
211,-785.9963475017355,-796.6925307115723
212,-797.3083049768593,-796.8156855646298
213,-790.4683455823726,-795.5462175681785
214,-808.4343150001093,-798.1238370545647
215,-799.0664134865567,-798.3123523409631
216,-801.0898050854767,-798.8678428898659
217,-797.4873151843711,-798.591737348767
218,-803.6683917919484,-799.6070682374034
219,-790.1861907206178,-797.7228927340462
220,-769.8480735276158,-792.1479288927602
221,-799.84608950622,-793.6875610154523
222,-812.4094454781523,-797.4319379079923
223,-798.9588303201721,-797.7373163904283
224,-798.9349387898197,-797.9768408703067
225,-798.067729691441,-797.9950186345336
226,-799.2980406780689,-798.2556230432408
227,-786.324464737109,-795.8693913820144
228,-800.7401254834357,-796.8435382022988
229,-790.5908308284763,-795.5929967275343
230,-820.698533839566,-800.6141041499408
231,-809.3606348578493,-802.3634102915225
232,-790.7335433583613,-800.0374369048903
233,-808.0175954880872,-801.6334686215298
234,-797.1457650276157,-800.7359279027471
235,-799.5989218954787,-800.5085267012935
236,-787.0784077590181,-797.8225029128384
237,-800.0683367027211,-798.271669670815
238,-796.9801153036452,-798.013358797381
239,-801.2983964286611,-798.670366323637
240,-801.0787496565349,-799.1520429902166
241,-800.5913624665363,-799.4399068854806
242,-795.9458236707105,-798.7410902425266
243,-798.1573271905373,-798.6243376321289
244,-820.7289574177969,-803.0452615892625
245,-821.2615436575734,-806.6885180029246
246,-800.0916269211406,-805.3691397865679
247,-798.8735041952132,-804.0700126682971
248,-791.2172543353086,-801.4994610016994
249,-796.9803935938746,-800.5956475201344
250,-799.6374934741672,-800.404016710941
251,-786.8547869186403,-797.694170752481
252,-810.0777943641393,-800.1708954748127
253,-809.7531652960905,-802.0873494390684
254,-789.1984194305708,-799.5095634373689
255,-809.3513419306513,-801.4779191360254
256,-800.0012968346048,-801.1825946757414
257,-777.8875976274749,-796.5235952660881
258,-797.9327473366484,-796.8054256802002
259,-787.1474463151291,-794.8738298071861
260,-810.2978189772243,-797.9586276411939
261,-798.7654359308955,-798.1199892991342
262,-799.3204033747533,-798.3600721142581
263,-788.3738776035834,-796.3628332121232
264,-819.912355395609,-801.0727376488203
265,-790.3190241891916,-798.9219949568947
266,-800.90047453681,-799.3176908728777
267,-799.14633520204,-799.2834197387102
268,-810.4581544792427,-801.5183666868168
269,-799.6970789649133,-801.1541091424361
270,-799.8612987884009,-800.8955470716292
271,-791.9274857129087,-799.1019347998852
272,-799.0420004908419,-799.0899479380765
273,-801.9252727535736,-799.657012901176
274,-798.1838419765163,-799.3623787162442
275,-800.7622306860244,-799.6423491102003
276,-808.2233315566813,-801.3585455994964
277,-790.1239831426359,-799.1116331081244
278,-796.6772635163207,-798.6247591897637
279,-806.8854976182661,-800.2769068754642
280,-788.5317642015035,-797.9278783406721
281,-808.5272926175296,-800.0477611960437
282,-800.2892997118972,-800.0960688992144
283,-799.3514594426562,-799.9471470079028
284,-789.605713788247,-797.8788603639716
285,-800.5949440451108,-798.4220771001995
286,-797.5827262667071,-798.2542069335011
287,-831.9549078916687,-804.9943471251346
288,-802.1505109198641,-804.4255798840805
289,-801.5740096344543,-803.8552658341553
290,-832.6444172223831,-809.6130961118008
291,-800.8623008747473,-807.8629370643902
292,-799.5883628375893,-806.2080222190301
293,-800.44230454783,-805.0548786847902
294,-798.8234210658674,-803.8085871610057
295,-831.7122088000607,-809.3893114888167
296,-810.4035505736886,-809.5921593057911
297,-818.249010574924,-811.3235295596178
298,-802.5204556043547,-809.5629147685652
299,-788.884116649974,-805.427155144847
300,-798.043972030109,-803.9505185218995
301,-800.368461039245,-803.2341070253688
302,-788.4270875006587,-800.2727031204267
303,-789.7976286396992,-798.1776882242813
304,-799.5971575254772,-798.4615820845205
305,-768.2870710772415,-792.4266798830647
306,-788.1571744436322,-791.5727787951782
307,-810.8221391498449,-795.4226508661117
308,-831.8063958826992,-802.6993998694292
309,-777.5053821528031,-797.6605963261039
310,-788.0975581228015,-795.7479886854435
311,-788.8612943541854,-794.3706498191918
312,-798.8875032843893,-795.2740205122313
313,-807.0240834961871,-797.6240331090225
314,-790.3614550447758,-796.1715174961732
315,-796.2597467450336,-796.1891633459454
316,-789.0578094160593,-794.7628925599682
317,-799.1494172390994,-795.6401974957946
318,-789.0775788766776,-794.3276737719714
319,-810.1245398972314,-797.4870469970234
320,-800.5624512314726,-798.1021278439133
321,-808.7227685610296,-800.2262559873367
322,-788.0447698130782,-797.7899587524851
323,-801.791904208054,-798.5903478435989
324,-801.9974547267915,-799.2717692202375
325,-809.3058733251455,-801.2785900412192
326,-798.860107841894,-800.7948936013543
327,-807.6037749630841,-802.1566698737003
328,-800.3291378536554,-801.7911634696914
329,-801.5118175184003,-801.7352942794332
330,-799.0483466273159,-801.1979047490098
331,-764.3660294399668,-793.8315296872013
332,-798.1568215491765,-794.6965880595965
333,-798.1961998324283,-795.3965104141629
334,-800.0672433179219,-796.3306569949148
335,-798.4243273888188,-796.7493910736956
336,-789.2450299841389,-795.2485188557844
337,-799.7881381614517,-796.1564427169179
338,-786.6171934617304,-794.2485928658805
339,-809.7513722425392,-797.3491487412123
340,-789.5357041269388,-795.7864598183576
341,-787.3119893089917,-794.0915657164844
342,-801.7360834041374,-795.6204692540151
343,-788.9973773222551,-794.2958508676631
344,-809.7636026562492,-797.3894012253804
345,-819.5177327790624,-801.8150675361169
346,-777.9192233738617,-797.0358987036659
347,-812.0562011639613,-800.039959195725
348,-797.7082376953731,-799.5736148956546
349,-798.9131993053595,-799.4415317775956
350,-788.5821997568397,-797.2696653734446
351,-798.2312031081356,-797.4619729203829
352,-810.9010265943481,-800.149783655176
353,-799.4969493493663,-800.0192167940141
354,-776.1875261637388,-795.2528786679591
355,-788.2757549293266,-793.8574539202326
356,-811.4269760809466,-797.3713583523754
357,-801.11909368895,-798.1209054196904
358,-820.2841786757933,-802.553560070911
359,-787.8870863446498,-799.6202653256588
360,-788.6753306666199,-797.431278393851
361,-797.8696911903335,-797.5189609531476
362,-818.5777146063624,-801.7307116837906
363,-800.2003936640565,-801.4246480798438
364,-799.1610753637489,-800.9719335366249
365,-808.2863962295834,-802.4348260752166
366,-817.5959489817369,-805.4670506565208
367,-799.0025560581248,-804.1741517368416
368,-807.9127318611208,-804.9218677616975
369,-800.4663080616541,-804.0307558216889
370,-790.0992206891164,-801.2444487951744
371,-800.7647137298776,-801.1485017821152
372,-798.0356366157408,-800.5259287488404
373,-778.223121238816,-796.0653672468356
374,-800.5976763256052,-796.9718290625896
375,-810.8881184916715,-799.755086948406
376,-799.3196643008829,-799.6680024189013
377,-799.8670027163073,-799.7078024783826
378,-798.5260369408022,-799.4714493708666
379,-790.4811981772042,-797.6733991321341
380,-790.0542550373334,-796.1495703131741
381,-796.7034851210025,-796.2603532747398
382,-798.2191262276522,-796.6521078653224
383,-799.2942617926379,-797.1805386507856
384,-827.8115777798281,-803.3067464765941
385,-799.139216732171,-802.4732405277094
386,-786.6902625653836,-799.3166449352443
387,-788.7064531972015,-797.1946065876358
388,-790.1908524994487,-795.7938557699983
389,-808.509486512944,-798.3369819185875
390,-798.3742186329763,-798.3444292614654
391,-799.6046738884381,-798.59647818686
392,-800.506484469475,-798.9784794433831
393,-808.8706565659163,-800.9569148678897
394,-789.787454260314,-798.7230227463747
395,-792.0868522791744,-797.3957886529347
396,-799.153416826241,-797.747314287596
397,-801.102293983734,-798.4183102268237
398,-806.7529881019391,-800.0852458018468
399,-797.3001287278988,-799.5282223870572
400,-798.2706620708504,-799.2767103238159
401,-798.3455245485717,-799.0904731687672
402,-800.4042654185795,-799.3532316187298
403,-778.195113114056,-795.1216079177951
404,-790.0383023456134,-794.1049468033589
405,-800.6608205452009,-795.4161215517273
406,-799.770534822932,-796.2870042059683
407,-798.5154479641516,-796.732692957605
408,-796.4012425366182,-796.6664028734077
409,-798.22687695229,-796.9784976891842
410,-806.7195927978067,-798.9267167109087
411,-780.6232473882106,-795.2660228463692
412,-800.3602717910761,-796.2848726353106
413,-832.4081973013507,-803.5095375685187
414,-820.5499477374478,-806.9176196023046
415,-797.743898812451,-805.0828754443339
416,-789.0390320866017,-801.8741067727875
417,-800.3405363791312,-801.5673926940564
418,-788.8451037568132,-799.0229349066078
419,-797.9849931698874,-798.8153465592637
420,-796.999255659394,-798.4521283792898
421,-776.6254410415212,-794.0867909117361
422,-788.401473809668,-792.9497274913225
423,-800.6583011318759,-794.4914422194332
424,-799.386727226997,-795.4704992209461
425,-810.1475931795926,-798.4059180126754
426,-820.72900508677,-802.8705354274944
427,-780.2511727753174,-798.3466628970591
428,-806.8076444690616,-800.0388592114597
429,-806.7311053585337,-801.3773084408746
430,-810.1683470902544,-803.1355161707505
431,-799.6810114521577,-802.444615227032
432,-800.1724376963193,-801.9901797208895
433,-768.9989660640102,-795.3919369895136
434,-788.3263731504576,-793.9788242217024
435,-810.1776069558587,-797.2185807685338
436,-800.1095990026095,-797.796784415349
437,-799.3426322952328,-798.1059539913258
438,-799.8141933489177,-798.4476018628442
439,-800.6680111022158,-798.8916837107186
440,-776.3972459775721,-794.3927961640893
441,-802.3883877008944,-795.9919144714504
442,-818.5800245239521,-800.5095364819508
443,-801.1420208551733,-800.6360333565954
444,-818.8204056464705,-804.2729078145704
445,-797.6953835261011,-802.9574029568766
446,-798.574984308337,-802.0809192271687
447,-799.1242488417184,-801.4895851500787
448,-802.6679398494095,-801.7252560899449
449,-800.2474666971444,-801.4296982113848
450,-797.7335870928202,-800.6904759876719
451,-797.574206593217,-800.067222108781
452,-788.3057991487744,-797.7149375167797
453,-812.0665618242351,-800.5852623782708
454,-800.1471496275574,-800.4976398281283
455,-808.0076031807738,-801.9996324986574
456,-799.6972632620693,-801.5391586513399
457,-820.8490873707232,-805.4011443952166
458,-800.5095118200563,-804.4228178801847
459,-800.9195959796222,-803.7221735000722
460,-786.6559042767965,-800.3089196554172
461,-797.2107267993407,-799.689281084202
462,-786.7655977383718,-797.104544415036
463,-788.9785211790589,-795.4793397678407
464,-809.6878284869339,-798.3210375116594
465,-787.0247237042413,-796.0617747501758
466,-798.5868679250309,-796.5667933851469
467,-820.6442404803425,-801.382282804186
468,-809.3558470957378,-802.9769956624965
469,-808.0458665233429,-803.9907698346659
470,-787.2834581485415,-800.6493074974411
471,-810.5251302102172,-802.6244720399964
472,-811.9538272391176,-804.4903430798206
473,-789.2379075598406,-801.4398559758246
474,-788.3252390859986,-798.8169325978594
475,-778.5568691091465,-794.7649199001169
476,-779.7502517871328,-791.7619862775201
477,-779.1604244937831,-789.2416739207728
478,-809.0533648245416,-793.2040121015266
479,-797.760650705152,-794.1153398222517
480,-799.1826290322166,-795.1287976642448
481,-777.826876209853,-791.6684133733664
482,-787.6101449587569,-790.8567596904446
483,-799.1363897442889,-792.5126857012135
484,-800.463200470502,-794.1027886550712
485,-831.8632399143098,-801.654878906919
486,-797.4227693063069,-800.8084569867966
487,-788.3109057524688,-798.3089467399311
488,-791.4162098779416,-796.9303993675333
489,-799.954145281617,-797.5351485503501
490,-798.5788249207761,-797.7438838244353
491,-810.1215393660431,-800.2194149327569
492,-802.0755245015348,-800.5906368465126
493,-788.826184008139,-798.2377462788379
494,-812.1633377390033,-801.022864570871
495,-797.7712852103602,-800.3725486987689
496,-788.7039556074271,-798.0388300805007
497,-799.8232490078669,-798.395713865974
498,-809.3573107703114,-800.5880332468416
499,-797.4195869182433,-799.954343981122
